network,netmask,nexthop
1.0.0.0,24,200.219.145.45
1.0.0.0,24,200.219.145.23
1.0.4.0,24,200.219.145.45
1.0.4.0,24,200.219.145.23
1.0.5.0,24,200.219.145.45
1.0.5.0,24,200.219.145.23
1.0.6.0,24,200.219.145.45
1.0.6.0,24,200.219.145.23
1.0.7.0,24,200.219.145.45
1.0.7.0,24,200.219.145.23
1.0.11.0,24,200.219.145.45
1.0.11.0,24,200.219.145.23
1.0.12.0,24,200.219.145.45
1.0.12.0,24,200.219.145.23
1.0.13.0,24,200.219.145.45
1.0.13.0,24,200.219.145.23
1.0.20.0,23,200.219.145.45
1.0.20.0,23,200.219.145.23
1.0.22.0,23,200.219.145.45
1.0.22.0,23,200.219.145.23
1.0.24.0,23,200.219.145.45
1.0.24.0,23,200.219.145.23
1.0.26.0,23,200.219.145.45
1.0.26.0,23,200.219.145.23
1.0.28.0,22,200.219.145.45
1.0.28.0,22,200.219.145.23
1.0.38.0,24,200.219.145.45
1.0.38.0,24,200.219.145.23
1.0.41.0,24,200.219.145.45
1.0.41.0,24,200.219.145.23
1.0.42.0,24,200.219.145.45
1.0.42.0,24,200.219.145.23
1.0.43.0,24,200.219.145.45
1.0.43.0,24,200.219.145.23
1.0.44.0,24,200.219.145.45
1.0.44.0,24,200.219.145.23
1.0.45.0,24,200.219.145.45
1.0.45.0,24,200.219.145.23
1.0.46.0,24,200.219.145.45
1.0.46.0,24,200.219.145.23
1.0.47.0,24,200.219.145.45
1.0.47.0,24,200.219.145.23
1.0.48.0,24,200.219.145.45
1.0.48.0,24,200.219.145.23
1.0.64.0,18,200.219.145.45
1.0.64.0,18,200.219.145.23
1.0.128.0,17,200.219.145.45
1.0.128.0,17,200.219.145.23
1.0.128.0,18,200.219.145.45
1.0.128.0,18,200.219.145.23
1.0.129.0,24,200.219.145.45
1.0.129.0,24,200.219.145.23
1.0.138.0,24,200.219.145.45
1.0.138.0,24,200.219.145.23
1.0.142.0,23,200.219.145.45
1.0.142.0,23,200.219.145.23
1.0.160.0,19,200.219.145.45
1.0.160.0,19,200.219.145.23
1.0.192.0,18,200.219.145.45
1.0.192.0,18,200.219.145.23
1.0.208.0,22,200.219.145.45
1.0.208.0,22,200.219.145.23
1.0.212.0,23,200.219.145.45
1.0.212.0,23,200.219.145.23
1.0.224.0,19,200.219.145.45
1.0.224.0,19,200.219.145.23
1.1.1.0,24,200.219.145.45
1.1.1.0,24,200.219.145.23
1.1.32.0,24,200.219.145.45
1.1.32.0,24,200.219.145.23
1.1.33.0,24,200.219.145.45
1.1.33.0,24,200.219.145.23
1.1.34.0,24,200.219.145.45
1.1.34.0,24,200.219.145.23
1.1.35.0,24,200.219.145.45
1.1.35.0,24,200.219.145.23
1.1.45.0,24,200.219.145.45
1.1.45.0,24,200.219.145.23
1.1.64.0,19,200.219.145.45
1.1.64.0,19,200.219.145.23
1.1.117.0,24,200.219.145.45
1.1.117.0,24,200.219.145.23
1.1.118.0,24,200.219.145.45
1.1.118.0,24,200.219.145.23
1.1.119.0,24,200.219.145.45
1.1.119.0,24,200.219.145.23
1.1.120.0,24,200.219.145.45
1.1.120.0,24,200.219.145.23
1.1.121.0,24,200.219.145.45
1.1.121.0,24,200.219.145.23
1.1.122.0,24,200.219.145.45
1.1.122.0,24,200.219.145.23
1.1.123.0,24,200.219.145.45
1.1.123.0,24,200.219.145.23
1.1.124.0,24,200.219.145.45
1.1.124.0,24,200.219.145.23
1.1.125.0,24,200.219.145.45
1.1.125.0,24,200.219.145.23
1.1.126.0,24,200.219.145.45
1.1.126.0,24,200.219.145.23
1.1.127.0,24,200.219.145.45
1.1.127.0,24,200.219.145.23
1.1.128.0,17,200.219.145.45
1.1.128.0,17,200.219.145.23
1.2.0.0,24,200.219.145.45
1.2.0.0,24,200.219.145.23
1.2.1.0,24,200.219.145.45
1.2.1.0,24,200.219.145.23
1.2.3.0,24,200.219.145.45
1.2.3.0,24,200.219.145.23
1.2.4.0,24,200.219.145.45
1.2.4.0,24,200.219.145.1
1.2.4.0,24,200.219.145.23
1.2.16.0,24,200.219.145.45
1.2.16.0,24,200.219.145.23
1.2.128.0,17,200.219.145.45
1.2.128.0,17,200.219.145.23
1.2.128.0,18,200.219.145.45
1.2.128.0,18,200.219.145.23
1.2.128.0,19,200.219.145.45
1.2.128.0,19,200.219.145.23
1.2.160.0,19,200.219.145.45
1.2.160.0,19,200.219.145.23
1.3.0.0,24,200.219.145.45
1.3.0.0,24,200.219.145.23
1.3.10.0,24,200.219.145.45
1.3.10.0,24,200.219.145.23
1.3.11.0,24,200.219.145.45
1.3.11.0,24,200.219.145.23
1.3.12.0,24,200.219.145.45
1.3.12.0,24,200.219.145.23
1.3.30.0,24,200.219.145.45
1.3.30.0,24,200.219.145.23
1.3.31.0,24,200.219.145.45
1.3.31.0,24,200.219.145.23
1.3.32.0,20,200.219.145.45
1.3.32.0,20,200.219.145.23
1.3.48.0,24,200.219.145.45
1.3.48.0,24,200.219.145.23
1.3.49.0,24,200.219.145.45
1.3.49.0,24,200.219.145.23
1.3.50.0,24,200.219.145.45
1.3.50.0,24,200.219.145.23
1.4.128.0,17,200.219.145.45
1.4.128.0,17,200.219.145.23
1.4.128.0,18,200.219.145.45
1.4.128.0,18,200.219.145.23
1.4.128.0,19,200.219.145.45
1.4.128.0,19,200.219.145.23
1.5.0.0,16,200.219.145.45
1.5.0.0,16,200.219.145.23
1.8.1.0,24,200.219.145.45
1.8.1.0,24,200.219.145.1
1.8.1.0,24,200.219.145.23
1.8.8.0,24,200.219.145.45
1.8.8.0,24,200.219.145.1
1.8.8.0,24,200.219.145.23
1.8.101.0,24,200.219.145.45
1.8.101.0,24,200.219.145.1
1.8.101.0,24,200.219.145.23
1.8.102.0,24,200.219.145.45
1.8.102.0,24,200.219.145.1
1.8.102.0,24,200.219.145.23
1.8.103.0,24,200.219.145.45
1.8.103.0,24,200.219.145.23
1.8.104.0,24,200.219.145.45
1.8.104.0,24,200.219.145.23
1.8.150.0,24,200.219.145.45
1.8.150.0,24,200.219.145.1
1.8.150.0,24,200.219.145.23
1.8.151.0,24,200.219.145.45
1.8.151.0,24,200.219.145.1
1.8.151.0,24,200.219.145.23
1.8.152.0,24,200.219.145.45
1.8.152.0,24,200.219.145.1
1.8.152.0,24,200.219.145.23
1.8.153.0,24,200.219.145.45
1.8.153.0,24,200.219.145.1
1.8.153.0,24,200.219.145.23
1.8.238.0,24,200.219.145.45
1.8.238.0,24,200.219.145.1
1.8.238.0,24,200.219.145.23
1.8.239.0,24,200.219.145.45
1.8.239.0,24,200.219.145.1
1.8.239.0,24,200.219.145.23
1.8.240.0,24,200.219.145.45
1.8.240.0,24,200.219.145.1
1.8.240.0,24,200.219.145.23
1.8.241.0,24,200.219.145.45
1.8.241.0,24,200.219.145.1
1.8.241.0,24,200.219.145.23
1.8.242.0,24,200.219.145.45
1.8.242.0,24,200.219.145.1
1.8.242.0,24,200.219.145.23
1.8.243.0,24,200.219.145.45
1.8.243.0,24,200.219.145.1
1.8.243.0,24,200.219.145.23
1.9.0.0,16,200.219.145.45
1.9.0.0,16,200.219.145.23
1.9.21.0,24,200.219.145.45
1.9.21.0,24,200.219.145.23
1.9.52.0,24,200.219.145.45
1.9.52.0,24,200.219.145.23
1.9.54.0,24,200.219.145.45
1.9.54.0,24,200.219.145.23
1.9.55.0,24,200.219.145.45
1.9.55.0,24,200.219.145.23
1.9.112.0,24,200.219.145.45
1.9.112.0,24,200.219.145.23
1.9.113.0,24,200.219.145.45
1.9.113.0,24,200.219.145.23
1.9.114.0,24,200.219.145.45
1.9.114.0,24,200.219.145.23
1.9.115.0,24,200.219.145.45
1.9.115.0,24,200.219.145.23
1.9.122.0,24,200.219.145.45
1.9.122.0,24,200.219.145.23
1.9.123.0,24,200.219.145.45
1.9.123.0,24,200.219.145.23
1.9.152.0,24,200.219.145.45
1.9.152.0,24,200.219.145.23
1.9.153.0,24,200.219.145.45
1.9.153.0,24,200.219.145.23
1.9.156.0,24,200.219.145.45
1.9.156.0,24,200.219.145.23
1.9.157.0,24,200.219.145.45
1.9.157.0,24,200.219.145.23
1.9.158.0,24,200.219.145.45
1.9.158.0,24,200.219.145.23
1.9.159.0,24,200.219.145.45
1.9.159.0,24,200.219.145.23
1.9.176.0,24,200.219.145.45
1.9.176.0,24,200.219.145.23
1.9.177.0,24,200.219.145.45
1.9.177.0,24,200.219.145.23
1.9.178.0,24,200.219.145.45
1.9.178.0,24,200.219.145.23
1.9.179.0,24,200.219.145.45
1.9.179.0,24,200.219.145.23
1.9.181.0,24,200.219.145.45
1.9.181.0,24,200.219.145.23
1.9.182.0,24,200.219.145.45
1.9.182.0,24,200.219.145.23
1.9.183.0,24,200.219.145.45
1.9.183.0,24,200.219.145.23
1.9.184.0,24,200.219.145.45
1.9.184.0,24,200.219.145.23
1.9.185.0,24,200.219.145.45
1.9.185.0,24,200.219.145.23
1.9.187.0,24,200.219.145.45
1.9.187.0,24,200.219.145.23
1.9.204.0,24,200.219.145.45
1.9.204.0,24,200.219.145.23
1.9.205.0,24,200.219.145.45
1.9.205.0,24,200.219.145.23
1.10.8.0,24,200.219.145.45
1.10.8.0,24,200.219.145.23
1.10.64.0,20,200.219.145.45
1.10.64.0,20,200.219.145.23
1.10.65.0,24,200.219.145.45
1.10.65.0,24,200.219.145.23
1.10.80.0,21,200.219.145.45
1.10.80.0,21,200.219.145.23
1.10.88.0,24,200.219.145.45
1.10.88.0,24,200.219.145.23
1.10.89.0,24,200.219.145.45
1.10.89.0,24,200.219.145.23
1.10.90.0,24,200.219.145.45
1.10.90.0,24,200.219.145.23
1.10.128.0,22,200.219.145.45
1.10.128.0,22,200.219.145.23
1.10.132.0,22,200.219.145.45
1.10.132.0,22,200.219.145.23
1.10.136.0,22,200.219.145.45
1.10.136.0,22,200.219.145.23
1.10.192.0,19,200.219.145.45
1.10.192.0,19,200.219.145.23
1.10.224.0,19,200.219.145.45
1.10.224.0,19,200.219.145.23
1.10.224.0,20,200.219.145.45
1.10.224.0,20,200.219.145.23
1.11.0.0,21,200.219.145.45
1.11.0.0,21,200.219.145.23
1.11.8.0,21,200.219.145.45
1.11.8.0,21,200.219.145.23
1.11.16.0,21,200.219.145.45
1.11.16.0,21,200.219.145.23
1.11.24.0,21,200.219.145.45
1.11.24.0,21,200.219.145.23
1.11.32.0,21,200.219.145.45
1.11.32.0,21,200.219.145.23
1.11.40.0,21,200.219.145.45
1.11.40.0,21,200.219.145.23
1.11.48.0,21,200.219.145.45
1.11.48.0,21,200.219.145.23
1.11.56.0,21,200.219.145.45
1.11.56.0,21,200.219.145.23
1.11.64.0,21,200.219.145.45
1.11.64.0,21,200.219.145.23
1.11.72.0,21,200.219.145.45
1.11.72.0,21,200.219.145.23
1.11.80.0,21,200.219.145.45
1.11.80.0,21,200.219.145.23
1.11.88.0,21,200.219.145.45
1.11.88.0,21,200.219.145.23
1.11.92.0,23,200.219.145.45
1.11.92.0,23,200.219.145.23
1.11.94.0,24,200.219.145.45
1.11.94.0,24,200.219.145.23
1.11.96.0,22,200.219.145.45
1.11.96.0,22,200.219.145.23
1.11.100.0,22,200.219.145.45
1.11.100.0,22,200.219.145.23
1.11.104.0,22,200.219.145.45
1.11.104.0,22,200.219.145.23
1.11.108.0,22,200.219.145.45
1.11.108.0,22,200.219.145.23
1.11.112.0,22,200.219.145.45
1.11.112.0,22,200.219.145.23
1.11.116.0,22,200.219.145.45
1.11.116.0,22,200.219.145.23
1.11.120.0,22,200.219.145.45
1.11.120.0,22,200.219.145.23
1.11.124.0,22,200.219.145.45
1.11.124.0,22,200.219.145.23
1.11.128.0,17,200.219.145.45
1.11.128.0,17,200.219.145.23
1.12.0.0,14,200.219.145.45
1.12.0.0,14,200.219.145.23
1.16.0.0,18,200.219.145.45
1.16.0.0,18,200.219.145.23
1.18.117.0,24,200.219.145.45
1.18.117.0,24,200.219.145.23
1.18.119.0,24,200.219.145.45
1.18.119.0,24,200.219.145.23
1.18.122.0,24,200.219.145.45
1.18.122.0,24,200.219.145.23
1.18.123.0,24,200.219.145.45
1.18.123.0,24,200.219.145.23
1.18.125.0,24,200.219.145.45
1.18.125.0,24,200.219.145.23
1.18.126.0,24,200.219.145.45
1.18.126.0,24,200.219.145.23
1.18.127.0,24,200.219.145.45
1.18.127.0,24,200.219.145.23
1.18.128.0,24,200.219.145.45
1.18.128.0,24,200.219.145.23
1.18.130.0,24,200.219.145.45
1.18.130.0,24,200.219.145.23
1.18.134.0,24,200.219.145.45
1.18.134.0,24,200.219.145.23
1.20.0.0,17,200.219.145.45
1.20.0.0,17,200.219.145.23
1.20.0.0,24,200.219.145.45
1.20.0.0,24,200.219.145.23
1.20.1.0,24,200.219.145.45
1.20.1.0,24,200.219.145.23
1.20.2.0,24,200.219.145.45
1.20.2.0,24,200.219.145.23
1.20.3.0,24,200.219.145.45
1.20.3.0,24,200.219.145.23
1.20.4.0,22,200.219.145.45
1.20.4.0,22,200.219.145.23
1.20.8.0,21,200.219.145.45
1.20.8.0,21,200.219.145.23
1.20.16.0,20,200.219.145.45
1.20.16.0,20,200.219.145.23
1.20.32.0,20,200.219.145.45
1.20.32.0,20,200.219.145.23
1.20.48.0,21,200.219.145.45
1.20.48.0,21,200.219.145.23
1.20.56.0,22,200.219.145.45
1.20.56.0,22,200.219.145.23
1.20.125.0,24,200.219.145.45
1.20.125.0,24,200.219.145.23
1.20.126.0,24,200.219.145.45
1.20.126.0,24,200.219.145.23
1.20.128.0,17,200.219.145.45
1.20.128.0,17,200.219.145.23
1.20.128.0,18,200.219.145.45
1.20.128.0,18,200.219.145.23
1.20.128.0,19,200.219.145.45
1.20.128.0,19,200.219.145.23
1.20.160.0,19,200.219.145.45
1.20.160.0,19,200.219.145.23
1.20.192.0,18,200.219.145.45
1.20.192.0,18,200.219.145.23
1.20.192.0,19,200.219.145.45
1.20.192.0,19,200.219.145.23
1.20.224.0,19,200.219.145.45
1.20.224.0,19,200.219.145.23
1.21.0.0,16,200.219.145.45
1.21.0.0,16,200.219.145.23
1.22.4.0,24,200.219.145.45
1.22.4.0,24,200.219.145.23
1.22.5.0,24,200.219.145.45
1.22.5.0,24,200.219.145.23
1.22.7.0,24,200.219.145.45
1.22.7.0,24,200.219.145.23
1.22.8.0,23,200.219.145.45
1.22.8.0,23,200.219.145.23
1.22.8.0,24,200.219.145.45
1.22.8.0,24,200.219.145.23
1.22.9.0,24,200.219.145.45
1.22.9.0,24,200.219.145.23
1.22.10.0,23,200.219.145.45
1.22.10.0,23,200.219.145.23
1.22.10.0,24,200.219.145.45
1.22.10.0,24,200.219.145.23
1.22.11.0,24,200.219.145.45
1.22.11.0,24,200.219.145.23
1.22.14.0,24,200.219.145.45
1.22.14.0,24,200.219.145.23
1.22.15.0,24,200.219.145.45
1.22.15.0,24,200.219.145.23
1.22.16.0,22,200.219.145.45
1.22.16.0,22,200.219.145.23
1.22.16.0,23,200.219.145.45
1.22.16.0,23,200.219.145.23
1.22.16.0,24,200.219.145.45
1.22.16.0,24,200.219.145.23
1.22.17.0,24,200.219.145.45
1.22.17.0,24,200.219.145.23
1.22.18.0,23,200.219.145.45
1.22.18.0,23,200.219.145.23
1.22.18.0,24,200.219.145.45
1.22.18.0,24,200.219.145.23
1.22.19.0,24,200.219.145.45
1.22.19.0,24,200.219.145.23
1.22.24.0,23,200.219.145.45
1.22.24.0,23,200.219.145.23
1.22.24.0,24,200.219.145.45
1.22.24.0,24,200.219.145.23
1.22.25.0,24,200.219.145.45
1.22.25.0,24,200.219.145.23
1.22.26.0,24,200.219.145.45
1.22.26.0,24,200.219.145.23
1.22.27.0,24,200.219.145.45
1.22.27.0,24,200.219.145.23
1.22.28.0,23,200.219.145.45
1.22.28.0,23,200.219.145.23
1.22.28.0,24,200.219.145.45
1.22.28.0,24,200.219.145.23
1.22.29.0,24,200.219.145.45
1.22.29.0,24,200.219.145.23
1.22.30.0,23,200.219.145.45
1.22.30.0,23,200.219.145.23
1.22.30.0,24,200.219.145.45
1.22.30.0,24,200.219.145.23
1.22.32.0,22,200.219.145.45
1.22.32.0,22,200.219.145.23
1.22.32.0,24,200.219.145.45
1.22.32.0,24,200.219.145.23
1.22.33.0,24,200.219.145.45
1.22.33.0,24,200.219.145.23
1.22.34.0,24,200.219.145.45
1.22.34.0,24,200.219.145.23
1.22.35.0,24,200.219.145.45
1.22.35.0,24,200.219.145.23
1.22.36.0,24,200.219.145.45
1.22.36.0,24,200.219.145.23
1.22.37.0,24,200.219.145.45
1.22.37.0,24,200.219.145.23
1.22.38.0,23,200.219.145.45
1.22.38.0,23,200.219.145.23
1.22.44.0,24,200.219.145.45
1.22.44.0,24,200.219.145.23
1.22.45.0,24,200.219.145.45
1.22.45.0,24,200.219.145.23
1.22.46.0,24,200.219.145.45
1.22.46.0,24,200.219.145.23
1.22.47.0,24,200.219.145.45
1.22.47.0,24,200.219.145.23
1.22.48.0,23,200.219.145.45
1.22.48.0,23,200.219.145.23
1.22.50.0,23,200.219.145.45
1.22.50.0,23,200.219.145.23
1.22.52.0,23,200.219.145.45
1.22.52.0,23,200.219.145.23
1.22.52.0,24,200.219.145.45
1.22.52.0,24,200.219.145.23
1.22.53.0,24,200.219.145.45
1.22.53.0,24,200.219.145.23
1.22.54.0,24,200.219.145.45
1.22.54.0,24,200.219.145.23
1.22.55.0,24,200.219.145.45
1.22.55.0,24,200.219.145.23
1.22.56.0,23,200.219.145.45
1.22.56.0,23,200.219.145.23
1.22.56.0,24,200.219.145.45
1.22.56.0,24,200.219.145.23
1.22.57.0,24,200.219.145.45
1.22.57.0,24,200.219.145.23
1.22.60.0,22,200.219.145.45
1.22.60.0,22,200.219.145.23
1.22.60.0,24,200.219.145.45
1.22.60.0,24,200.219.145.23
1.22.61.0,24,200.219.145.45
1.22.61.0,24,200.219.145.23
1.22.62.0,24,200.219.145.45
1.22.62.0,24,200.219.145.23
1.22.63.0,24,200.219.145.45
1.22.63.0,24,200.219.145.23
1.22.64.0,22,200.219.145.45
1.22.64.0,22,200.219.145.23
1.22.64.0,24,200.219.145.45
1.22.64.0,24,200.219.145.23
1.22.65.0,24,200.219.145.45
1.22.65.0,24,200.219.145.23
1.22.66.0,24,200.219.145.45
1.22.66.0,24,200.219.145.23
1.22.67.0,24,200.219.145.45
1.22.67.0,24,200.219.145.23
1.22.70.0,23,200.219.145.45
1.22.70.0,23,200.219.145.23
1.22.70.0,24,200.219.145.45
1.22.70.0,24,200.219.145.23
1.22.71.0,24,200.219.145.45
1.22.71.0,24,200.219.145.23
1.22.72.0,23,200.219.145.45
1.22.72.0,23,200.219.145.23
1.22.72.0,24,200.219.145.45
1.22.72.0,24,200.219.145.23
1.22.73.0,24,200.219.145.45
1.22.73.0,24,200.219.145.23
1.22.74.0,23,200.219.145.45
1.22.74.0,23,200.219.145.23
1.22.76.0,22,200.219.145.45
1.22.76.0,22,200.219.145.23
1.22.76.0,24,200.219.145.45
1.22.76.0,24,200.219.145.23
1.22.77.0,24,200.219.145.45
1.22.77.0,24,200.219.145.23
1.22.78.0,24,200.219.145.45
1.22.78.0,24,200.219.145.23
1.22.79.0,24,200.219.145.45
1.22.79.0,24,200.219.145.23
1.22.80.0,22,200.219.145.45
1.22.80.0,22,200.219.145.23
1.22.80.0,23,200.219.145.45
1.22.80.0,23,200.219.145.23
1.22.80.0,24,200.219.145.45
1.22.80.0,24,200.219.145.23
1.22.81.0,24,200.219.145.45
1.22.81.0,24,200.219.145.23
1.22.82.0,24,200.219.145.45
1.22.82.0,24,200.219.145.23
1.22.83.0,24,200.219.145.45
1.22.83.0,24,200.219.145.23
1.22.84.0,22,200.219.145.45
1.22.84.0,22,200.219.145.23
1.22.84.0,24,200.219.145.45
1.22.84.0,24,200.219.145.23
1.22.85.0,24,200.219.145.45
1.22.85.0,24,200.219.145.23
1.22.86.0,24,200.219.145.45
1.22.86.0,24,200.219.145.23
1.22.87.0,24,200.219.145.45
1.22.87.0,24,200.219.145.23
1.22.88.0,23,200.219.145.45
1.22.88.0,23,200.219.145.23
1.22.88.0,24,200.219.145.45
1.22.88.0,24,200.219.145.23
1.22.89.0,24,200.219.145.45
1.22.89.0,24,200.219.145.23
1.22.90.0,24,200.219.145.45
1.22.90.0,24,200.219.145.23
1.22.91.0,24,200.219.145.45
1.22.91.0,24,200.219.145.23
1.22.92.0,22,200.219.145.45
1.22.92.0,22,200.219.145.23
1.22.92.0,24,200.219.145.45
1.22.92.0,24,200.219.145.23
1.22.93.0,24,200.219.145.45
1.22.93.0,24,200.219.145.23
1.22.94.0,23,200.219.145.45
1.22.94.0,23,200.219.145.23
1.22.94.0,24,200.219.145.45
1.22.94.0,24,200.219.145.23
1.22.95.0,24,200.219.145.45
1.22.95.0,24,200.219.145.23
1.22.96.0,21,200.219.145.45
1.22.96.0,21,200.219.145.23
1.22.96.0,22,200.219.145.45
1.22.96.0,22,200.219.145.23
1.22.96.0,24,200.219.145.45
1.22.96.0,24,200.219.145.23
1.22.97.0,24,200.219.145.45
1.22.97.0,24,200.219.145.23
1.22.98.0,24,200.219.145.45
1.22.98.0,24,200.219.145.23
1.22.99.0,24,200.219.145.45
1.22.99.0,24,200.219.145.23
1.22.100.0,22,200.219.145.45
1.22.100.0,22,200.219.145.23
1.22.100.0,24,200.219.145.45
1.22.100.0,24,200.219.145.23
1.22.101.0,24,200.219.145.45
1.22.101.0,24,200.219.145.23
1.22.102.0,24,200.219.145.45
1.22.102.0,24,200.219.145.23
1.22.103.0,24,200.219.145.45
1.22.103.0,24,200.219.145.23
1.22.104.0,21,200.219.145.45
1.22.104.0,21,200.219.145.23
1.22.112.0,23,200.219.145.45
1.22.112.0,23,200.219.145.23
1.22.112.0,24,200.219.145.45
1.22.112.0,24,200.219.145.23
1.22.113.0,24,200.219.145.45
1.22.113.0,24,200.219.145.23
1.22.114.0,23,200.219.145.45
1.22.114.0,23,200.219.145.23
1.22.116.0,24,200.219.145.45
1.22.116.0,24,200.219.145.23
1.22.117.0,24,200.219.145.45
1.22.117.0,24,200.219.145.23
1.22.118.0,24,200.219.145.45
1.22.118.0,24,200.219.145.23
1.22.119.0,24,200.219.145.45
1.22.119.0,24,200.219.145.23
1.22.120.0,22,200.219.145.45
1.22.120.0,22,200.219.145.23
1.22.120.0,23,200.219.145.45
1.22.120.0,23,200.219.145.23
1.22.120.0,24,200.219.145.45
1.22.120.0,24,200.219.145.23
1.22.121.0,24,200.219.145.45
1.22.121.0,24,200.219.145.23
1.22.122.0,24,200.219.145.45
1.22.122.0,24,200.219.145.23
1.22.123.0,24,200.219.145.45
1.22.123.0,24,200.219.145.23
1.22.124.0,24,200.219.145.45
1.22.124.0,24,200.219.145.23
1.22.125.0,24,200.219.145.45
1.22.125.0,24,200.219.145.23
1.22.126.0,24,200.219.145.45
1.22.126.0,24,200.219.145.23
1.22.127.0,24,200.219.145.45
1.22.127.0,24,200.219.145.23
1.22.128.0,22,200.219.145.45
1.22.128.0,22,200.219.145.23
1.22.128.0,24,200.219.145.45
1.22.128.0,24,200.219.145.23
1.22.129.0,24,200.219.145.45
1.22.129.0,24,200.219.145.23
1.22.130.0,24,200.219.145.45
1.22.130.0,24,200.219.145.23
1.22.131.0,24,200.219.145.45
1.22.131.0,24,200.219.145.23
1.22.132.0,23,200.219.145.45
1.22.132.0,23,200.219.145.23
1.22.133.0,24,200.219.145.45
1.22.133.0,24,200.219.145.23
1.22.134.0,24,200.219.145.45
1.22.134.0,24,200.219.145.23
1.22.135.0,24,200.219.145.45
1.22.135.0,24,200.219.145.23
1.22.136.0,24,200.219.145.45
1.22.136.0,24,200.219.145.23
1.22.137.0,24,200.219.145.45
1.22.137.0,24,200.219.145.23
1.22.138.0,24,200.219.145.45
1.22.138.0,24,200.219.145.23
1.22.139.0,24,200.219.145.45
1.22.139.0,24,200.219.145.23
1.22.152.0,24,200.219.145.45
1.22.152.0,24,200.219.145.23
1.22.153.0,24,200.219.145.45
1.22.153.0,24,200.219.145.23
1.22.154.0,24,200.219.145.45
1.22.154.0,24,200.219.145.23
1.22.155.0,24,200.219.145.45
1.22.155.0,24,200.219.145.23
1.22.156.0,24,200.219.145.45
1.22.156.0,24,200.219.145.23
1.22.157.0,24,200.219.145.45
1.22.157.0,24,200.219.145.23
1.22.158.0,24,200.219.145.45
1.22.158.0,24,200.219.145.23
1.22.159.0,24,200.219.145.45
1.22.159.0,24,200.219.145.23
1.22.160.0,24,200.219.145.45
1.22.160.0,24,200.219.145.23
1.22.161.0,24,200.219.145.45
1.22.161.0,24,200.219.145.23
1.22.163.0,24,200.219.145.45
1.22.163.0,24,200.219.145.23
1.22.164.0,22,200.219.145.45
1.22.164.0,22,200.219.145.23
1.22.164.0,24,200.219.145.45
1.22.164.0,24,200.219.145.23
1.22.165.0,24,200.219.145.45
1.22.165.0,24,200.219.145.23
1.22.166.0,24,200.219.145.45
1.22.166.0,24,200.219.145.23
1.22.167.0,24,200.219.145.45
1.22.167.0,24,200.219.145.23
1.22.168.0,23,200.219.145.45
1.22.168.0,23,200.219.145.23
1.22.168.0,24,200.219.145.45
1.22.168.0,24,200.219.145.23
1.22.169.0,24,200.219.145.45
1.22.169.0,24,200.219.145.23
1.22.170.0,24,200.219.145.45
1.22.170.0,24,200.219.145.23
1.22.171.0,24,200.219.145.45
1.22.171.0,24,200.219.145.23
1.22.172.0,24,200.219.145.45
1.22.172.0,24,200.219.145.23
1.22.173.0,24,200.219.145.45
1.22.173.0,24,200.219.145.23
1.22.174.0,23,200.219.145.45
1.22.174.0,23,200.219.145.23
1.22.174.0,24,200.219.145.45
1.22.174.0,24,200.219.145.23
1.22.175.0,24,200.219.145.45
1.22.175.0,24,200.219.145.23
1.22.176.0,23,200.219.145.45
1.22.176.0,23,200.219.145.23
1.22.176.0,24,200.219.145.45
1.22.176.0,24,200.219.145.23
1.22.177.0,24,200.219.145.45
1.22.177.0,24,200.219.145.23
1.22.178.0,24,200.219.145.45
1.22.178.0,24,200.219.145.23
1.22.179.0,24,200.219.145.45
1.22.179.0,24,200.219.145.23
1.22.180.0,24,200.219.145.45
1.22.180.0,24,200.219.145.23
1.22.181.0,24,200.219.145.45
1.22.181.0,24,200.219.145.23
1.22.184.0,23,200.219.145.45
1.22.184.0,23,200.219.145.23
1.22.184.0,24,200.219.145.45
1.22.184.0,24,200.219.145.23
1.22.185.0,24,200.219.145.45
1.22.185.0,24,200.219.145.23
1.22.186.0,23,200.219.145.45
1.22.186.0,23,200.219.145.23
1.22.186.0,24,200.219.145.45
1.22.186.0,24,200.219.145.23
1.22.187.0,24,200.219.145.45
1.22.187.0,24,200.219.145.23
1.22.188.0,24,200.219.145.45
1.22.188.0,24,200.219.145.23
1.22.189.0,24,200.219.145.45
1.22.189.0,24,200.219.145.23
1.22.190.0,23,200.219.145.45
1.22.190.0,23,200.219.145.23
1.22.192.0,23,200.219.145.45
1.22.192.0,23,200.219.145.23
1.22.192.0,24,200.219.145.45
1.22.192.0,24,200.219.145.23
1.22.193.0,24,200.219.145.45
1.22.193.0,24,200.219.145.23
1.22.194.0,23,200.219.145.45
1.22.194.0,23,200.219.145.23
1.22.194.0,24,200.219.145.45
1.22.194.0,24,200.219.145.23
1.22.195.0,24,200.219.145.45
1.22.195.0,24,200.219.145.23
1.22.196.0,24,200.219.145.45
1.22.196.0,24,200.219.145.23
1.22.197.0,24,200.219.145.45
1.22.197.0,24,200.219.145.23
1.22.198.0,23,200.219.145.45
1.22.198.0,23,200.219.145.23
1.22.200.0,23,200.219.145.45
1.22.200.0,23,200.219.145.23
1.22.200.0,24,200.219.145.45
1.22.200.0,24,200.219.145.23
1.22.202.0,23,200.219.145.45
1.22.202.0,23,200.219.145.23
1.22.204.0,23,200.219.145.45
1.22.204.0,23,200.219.145.23
1.22.204.0,24,200.219.145.45
1.22.204.0,24,200.219.145.23
1.22.205.0,24,200.219.145.45
1.22.205.0,24,200.219.145.23
1.22.206.0,24,200.219.145.45
1.22.206.0,24,200.219.145.23
1.22.207.0,24,200.219.145.45
1.22.207.0,24,200.219.145.23
1.22.208.0,23,200.219.145.45
1.22.208.0,23,200.219.145.23
1.22.208.0,24,200.219.145.45
1.22.208.0,24,200.219.145.23
1.22.209.0,24,200.219.145.45
1.22.209.0,24,200.219.145.23
1.22.210.0,24,200.219.145.45
1.22.210.0,24,200.219.145.23
1.22.212.0,23,200.219.145.45
1.22.212.0,23,200.219.145.23
1.22.212.0,24,200.219.145.45
1.22.212.0,24,200.219.145.23
1.22.213.0,24,200.219.145.45
